"gender","age","marker01","marker02","marker03","marker04","marker05","marker06","marker07","marker08","marker09","marker10"
"female",18,0,0,0,1,0,0,0,0,0,0
"male",2,1,0,1,0,0,0,0,0,0,0
"male",7,0,0,0,0,0,0,0,0,0,0
"male",3,0,0,0,0,0,0,0,0,0,0
"female",36,0,1,0,1,0,0,0,0,0,0
"female",2,0,1,0,0,1,0,0,0,0,0
"female",2,0,0,0,0,0,0,0,0,0,0
"male",4,0,0,1,0,0,0,0,0,0,0
"male",13,0,0,0,0,0,0,0,0,0,0
"female",2,0,0,1,1,1,0,0,0,0,0
"female",12,0,0,0,0,0,0,0,0,0,0
"female",25,0,0,1,0,1,0,0,0,0,0
"male",6,0,0,0,0,0,0,0,0,0,0
"male",5,0,0,0,0,0,0,0,0,0,0
"female",12,0,0,0,0,0,0,0,0,0,0
"male",4,0,0,0,0,0,0,0,0,0,0
"male",2,0,0,0,1,1,0,0,0,0,0
"male",7,0,0,0,0,1,0,0,0,0,0
"female",7,0,0,1,1,0,0,0,0,0,0
"male",4,0,0,1,0,1,0,0,0,0,0
"male",22,0,1,1,0,0,0,0,0,0,0
"female",22,0,0,0,0,1,0,0,0,0,0
"male",9,0,0,1,0,0,0,1,0,0,0
"female",4,0,1,0,0,0,0,0,0,0,0
"female",4,1,1,0,0,0,0,0,0,0,0
"male",27,0,1,0,0,0,0,0,0,0,0
"female",5,0,0,0,0,1,0,0,0,0,0
"male",2,0,0,0,0,0,0,0,0,0,0
"male",27,1,1,0,0,0,0,0,0,0,0
"male",21,0,0,1,0,0,0,0,0,0,0
"male",8,1,1,0,0,1,0,0,0,0,0
"male",2,0,0,1,0,0,0,0,0,0,0
"male",5,1,0,0,0,0,0,0,0,0,0
"female",6,0,0,1,0,0,0,0,0,0,0
"male",4,1,1,0,0,0,0,0,0,0,0
"female",3,0,0,1,0,1,0,0,0,0,0
"female",5,0,0,0,0,0,0,0,0,0,0
"female",10,0,0,1,0,0,0,0,0,0,0
"male",2,1,0,1,0,1,0,0,0,0,0
"female",2,0,0,0,0,1,0,0,0,0,0
"male",3,0,1,0,1,0,0,0,0,0,0
"female",8,0,0,0,1,0,0,0,0,0,0
"female",22,0,0,1,0,0,0,0,0,0,0
"female",8,0,0,1,0,0,0,0,0,0,0
"female",30,1,1,1,0,0,0,0,0,0,0
"female",23,0,0,0,1,1,0,0,0,0,0
"female",4,0,0,0,0,1,0,0,0,0,0
"male",1,1,1,1,0,0,0,0,0,0,0
"female",9,1,1,0,0,0,0,0,0,0,0
"female",8,0,0,1,1,0,0,0,0,0,0
"female",5,1,0,0,1,0,0,0,0,0,0
"female",3,0,1,0,0,0,0,0,0,0,0
"male",24,1,0,0,0,0,0,0,0,0,0
"female",13,0,0,0,0,0,0,0,0,0,0
"male",33,0,0,1,1,0,0,0,0,0,0
"female",3,0,0,0,0,0,0,0,0,0,0
"female",13,0,0,0,0,0,0,0,0,0,0
"female",1,1,1,1,0,0,0,0,0,0,0
"male",4,0,0,0,0,0,0,0,0,0,0
"female",12,0,0,1,0,1,0,0,0,0,0
"female",12,0,0,0,0,1,0,0,0,0,0
"female",3,0,0,0,0,0,0,0,0,0,0
"female",4,0,1,0,0,0,0,0,0,0,0
"male",7,0,0,0,1,1,0,0,0,0,0
"female",37,0,1,0,0,1,0,0,0,0,0
"male",7,0,1,0,1,0,0,0,0,0,0
"male",41,1,0,0,0,1,0,0,0,0,0
"male",5,0,0,0,0,0,0,0,0,0,0
"female",6,0,0,0,0,0,0,0,0,0,0
"female",4,0,0,0,0,1,0,0,0,0,0
"male",2,1,0,0,0,0,0,0,0,0,0
"male",42,0,0,1,0,0,0,0,0,0,0
"female",4,0,0,1,0,0,0,0,0,0,0
"male",2,0,0,1,1,1,0,0,0,0,0
"male",3,1,0,0,1,0,0,0,0,0,0
"male",15,0,0,1,0,0,0,0,0,0,0
"male",6,0,0,1,1,0,0,0,0,0,0
"female",11,0,1,0,0,1,0,0,0,0,0
"male",1,0,0,0,0,1,0,0,0,0,0
"male",12,0,0,0,0,1,0,0,0,0,0
"male",14,1,1,1,0,0,0,0,0,0,0
"male",4,0,1,0,0,0,0,0,0,0,0
"male",11,0,1,0,0,0,0,0,0,0,0
"male",4,1,0,0,0,0,0,0,0,0,0
"male",8,1,0,0,0,1,0,0,0,0,0
"male",4,1,1,0,0,1,0,0,0,0,0
"female",1,1,0,0,0,0,0,0,0,0,0
"male",2,1,0,0,0,0,0,0,0,0,0
"female",3,0,0,0,0,0,0,0,0,0,0
"male",3,0,0,0,1,0,0,0,0,0,0
"female",8,0,1,0,1,0,0,0,0,0,0
"female",5,1,1,0,0,1,0,0,0,0,0
"female",20,1,0,0,0,0,0,0,0,0,0
"female",4,0,0,0,0,1,0,0,0,0,0
"male",8,1,0,0,1,0,0,0,0,0,0
"male",30,1,0,1,0,1,0,0,0,0,0
"male",2,0,0,0,0,0,0,0,0,0,0
"male",5,0,1,0,1,1,0,0,0,0,0
"male",32,0,1,1,1,0,0,0,0,0,0
"female",61,1,1,0,0,0,0,0,0,0,0
"female",16,0,0,0,1,0,0,0,0,0,0
"female",14,1,0,0,0,0,0,0,0,0,0
"male",5,0,0,0,1,1,0,0,0,0,0
"male",5,0,1,0,0,0,0,0,0,0,0
"female",22,0,0,0,1,0,0,0,0,0,0
"male",6,0,1,1,0,0,0,0,0,0,0
"male",14,0,0,1,0,0,0,0,0,0,0
"male",29,0,1,1,0,1,0,0,0,0,0
"male",5,0,1,1,0,1,0,0,0,0,0
"male",3,0,1,0,0,0,0,0,0,0,0
"female",15,0,0,0,1,0,0,0,0,0,0
"male",1,0,0,0,0,0,0,0,0,0,0
"female",9,0,0,1,1,0,0,0,0,0,0
"male",16,0,0,0,0,0,0,0,0,0,0
"male",7,1,0,1,1,0,0,0,0,0,0
"female",6,0,0,0,0,0,0,0,0,0,0
"female",7,1,1,0,0,1,0,0,0,0,0
"male",65,0,1,0,0,1,0,0,0,0,0
"female",27,0,0,0,1,0,0,0,0,0,0
"male",23,0,0,0,1,0,0,0,0,0,0
"male",19,0,0,0,0,0,0,0,0,0,0
"female",12,1,1,1,0,0,0,0,0,0,0
"male",7,0,1,0,0,0,0,0,0,0,0
"female",10,0,0,0,1,1,0,0,0,0,0
"male",3,0,0,0,0,1,0,0,0,0,0
"male",2,0,0,0,0,0,0,0,0,0,0
"male",11,1,0,0,1,1,0,0,0,0,0
"female",10,1,0,1,1,0,0,0,0,0,0
"male",3,0,0,0,0,0,0,0,1,0,0
"female",42,0,0,1,0,0,0,0,0,0,0
"female",28,1,0,1,1,0,0,0,0,0,0
"male",4,0,0,1,0,0,0,0,0,0,0
"female",9,0,0,0,0,0,0,0,0,0,0
"female",6,0,0,0,0,0,0,0,0,0,0
"female",4,1,0,0,1,0,0,0,0,0,0
"male",2,0,0,0,0,1,0,0,0,0,0
"male",2,1,1,0,0,0,0,0,0,0,0
"male",6,0,0,0,1,0,0,0,0,0,0
"male",8,1,0,0,0,0,0,0,0,0,0
"female",18,1,0,1,0,0,0,0,0,0,0
"male",10,0,0,0,0,0,0,0,0,0,0
"female",12,1,0,0,0,0,0,0,0,0,0
"male",11,0,1,0,0,1,0,0,0,0,0
"female",22,0,0,0,0,0,0,0,0,0,0
"female",3,0,0,0,0,0,0,0,0,0,0
"female",2,0,0,0,0,0,0,0,0,0,0
"female",8,0,0,0,0,0,0,0,0,0,0
"female",9,0,1,1,1,0,0,0,0,0,0
"female",4,1,0,0,0,0,0,0,0,0,0
"male",12,1,0,0,1,0,0,0,0,0,0
"male",10,0,0,0,0,0,0,0,0,0,0
"female",2,0,0,0,0,1,0,0,0,0,0
"female",7,0,0,0,0,0,0,0,0,0,0
"male",9,0,1,0,0,0,0,0,0,0,0
"male",34,0,0,0,0,0,0,0,0,0,0
"male",5,0,0,1,0,0,0,0,0,0,0
"female",38,0,0,0,0,1,0,0,0,0,0
"male",12,1,0,0,0,0,0,0,0,0,0
"female",32,0,0,1,0,0,0,0,0,0,0
"male",5,0,0,0,1,0,0,0,0,0,0
"male",21,0,1,0,0,0,0,0,0,0,0
"female",6,1,0,0,0,1,0,0,0,0,0
"female",16,0,0,1,0,0,0,0,0,0,0
"female",19,0,0,0,0,1,0,0,0,0,0
"female",24,0,0,0,0,0,0,0,0,0,0
"male",6,0,0,0,0,0,0,0,0,0,0
"male",2,1,0,0,0,0,0,0,0,0,0
"male",22,0,0,0,0,0,0,0,0,0,0
"male",8,0,0,0,0,1,0,0,0,0,0
"male",11,0,0,0,0,0,0,0,0,0,0
"female",4,0,1,0,1,1,0,0,0,0,0
"male",12,0,0,0,1,1,0,0,0,0,0
"male",11,0,0,0,1,1,0,0,0,0,0
"female",7,0,0,0,0,1,0,0,0,0,0
"male",11,0,0,1,0,1,0,0,0,0,0
"female",7,0,0,1,1,0,0,0,0,0,0
"male",9,0,1,0,0,0,0,0,0,0,0
"male",7,0,1,1,1,0,0,0,0,0,0
"female",9,0,0,0,0,0,0,0,0,0,0
"male",5,0,0,0,0,0,0,0,0,0,0
"female",1,0,0,1,0,0,0,0,0,0,0
"male",14,0,0,0,0,0,0,0,0,0,0
"male",17,0,0,1,1,1,0,0,0,0,0
"female",9,0,1,0,0,0,0,0,0,0,0
"female",7,0,0,0,0,0,0,0,0,0,0
"female",85,0,1,0,0,0,0,0,0,0,0
"female",6,1,1,0,0,0,0,0,0,0,0
"female",9,0,1,0,0,0,0,0,0,0,0
"female",9,0,0,1,0,0,0,0,0,0,0
"male",39,0,1,0,0,0,0,0,0,0,0
"male",2,1,0,1,0,0,0,0,0,0,0
"female",9,1,0,0,0,0,0,0,0,0,0
"male",24,0,1,1,0,0,0,0,0,0,0
"female",3,0,0,1,0,1,0,0,0,0,0
"male",4,1,1,0,0,0,0,0,0,0,0
"female",9,0,0,1,0,0,0,0,0,0,0
"female",8,0,1,0,0,0,0,0,0,0,0
"male",7,1,0,0,1,0,0,0,0,0,0
"male",12,0,0,0,0,1,0,0,0,0,0
"female",8,0,0,1,1,0,0,0,0,0,0
"female",31,1,1,1,0,0,0,0,0,0,0
"female",4,1,1,0,0,1,0,0,0,0,0
"female",14,0,0,1,1,0,0,0,0,0,0
"female",30,0,0,1,0,1,0,0,0,0,0
"female",27,0,0,0,0,1,0,0,0,0,0
"female",2,0,1,0,0,0,0,0,0,0,0
"male",11,1,1,1,1,0,0,0,0,0,0
"female",8,0,0,0,1,1,0,0,0,0,0
"female",4,0,0,0,0,0,0,0,0,0,0
"female",30,0,0,0,1,0,0,0,0,0,0
"male",2,0,0,0,0,0,0,0,0,0,0
"male",5,0,1,0,0,0,0,0,0,0,0
"male",18,0,0,1,0,0,0,0,0,0,0
"male",19,0,1,1,0,0,0,0,0,0,0
"female",4,1,1,0,0,1,0,0,0,0,0
"female",56,1,0,0,0,0,0,0,0,0,0
"female",4,0,0,0,0,0,0,0,0,0,0
"male",5,0,0,1,0,0,0,0,0,0,0
"female",35,0,0,0,1,0,0,0,0,0,0
"male",5,0,0,0,1,1,0,0,0,0,0
"male",5,0,0,0,0,0,0,0,0,0,0
"female",24,0,0,0,1,0,0,0,0,0,0
"female",4,0,0,0,0,1,0,0,0,0,0
"female",4,1,0,0,0,0,0,0,0,0,0
"male",7,0,0,1,0,0,0,0,0,0,0
"male",6,1,0,0,0,1,0,0,0,0,0
"male",9,0,0,1,0,0,0,0,0,0,0
"female",4,1,1,0,0,0,0,0,0,0,0
"female",63,1,0,0,1,0,0,0,0,0,0
"male",21,1,0,0,0,0,0,0,0,0,0
"female",17,0,0,0,0,0,0,0,0,0,0
"male",9,1,0,0,0,0,0,0,0,0,0
"female",10,0,1,0,0,1,0,0,0,0,0
"female",5,0,0,0,1,1,0,0,0,0,0
"female",23,0,0,0,0,0,0,0,0,0,0
"male",6,0,0,0,0,1,0,0,0,0,0
"female",5,0,1,0,0,0,0,0,0,0,0
"female",4,0,0,1,0,1,0,0,0,0,0
"male",10,0,1,0,1,0,0,0,0,0,0
"male",2,1,0,0,1,1,0,0,0,0,0
"male",50,0,1,1,0,0,0,0,0,0,0
"female",8,0,0,0,1,1,0,0,0,0,0
"female",3,0,0,0,0,0,0,0,0,0,0
"male",6,1,0,0,1,0,0,0,0,0,0
"male",62,0,0,0,0,1,0,0,0,0,0
"female",13,0,1,0,0,0,0,0,0,0,0
"female",13,0,0,0,0,0,0,0,0,0,0
"female",3,1,0,0,0,0,0,0,0,0,0
"male",23,0,0,0,0,1,0,0,0,0,0
"male",12,0,0,0,0,1,0,0,0,0,0
"female",10,1,1,0,0,0,0,0,0,0,0
"female",109,1,0,0,0,0,0,0,0,0,0
"female",24,1,0,0,0,0,0,0,0,0,0
"male",9,0,0,1,0,0,0,0,0,0,0
"male",10,1,0,0,1,1,0,0,0,0,0
"female",21,1,0,1,0,0,0,0,0,0,0
"male",8,1,0,0,1,0,0,0,0,0,0
"female",21,0,0,0,0,0,0,0,0,0,0
"male",4,1,0,0,0,1,0,0,0,0,0
"female",8,0,0,0,1,0,0,0,0,0,0
"female",9,0,0,1,0,0,0,0,0,0,0
"male",5,0,0,1,0,0,0,0,0,0,0
"male",11,0,1,0,0,0,0,0,0,0,0
"male",11,1,1,0,0,0,0,0,0,0,0
"female",8,0,0,1,0,0,0,0,0,0,0
"male",3,1,1,0,0,0,0,0,0,0,0
"female",3,0,0,0,1,0,0,0,0,0,0
"male",93,0,0,0,0,1,0,0,0,0,0
"male",32,0,0,0,0,0,0,0,0,0,0
"male",12,0,1,0,0,0,0,0,0,0,0
"male",7,0,0,0,1,0,0,0,0,0,0
"male",5,1,0,1,0,1,0,0,0,0,0
"female",6,0,0,1,0,1,0,0,0,0,0
"male",19,0,1,1,0,0,0,0,0,0,0
"female",5,0,0,1,0,0,0,0,0,0,0
"male",5,0,0,0,0,0,0,0,0,0,0
"female",6,0,0,0,0,0,0,0,0,0,0
"male",9,0,0,0,1,0,0,0,0,0,0
"female",32,0,1,0,1,0,0,0,0,0,0
"female",13,0,0,1,1,1,0,0,0,0,0
"male",5,1,0,1,0,0,0,0,0,0,0
"male",8,1,0,1,1,1,0,0,0,0,0
